onnx_latency,fallback_latency,output_dir,slowest_device,all,input_shape,output_shape,error,device,file_name,file_path,pruning,time_cost,params,IR,MACs,
1.347,inf,./f47466c8-27c6-43,R38M20BDTME,"{'R38M20BDTME': {'latency': 1.347, 'faster': 'onnx', 'slower': 'fallback', 'slower-latency': inf}}","{'input': [1, 1, 9, 9]}","{'output': [1, 1, 9, 9]}",,R38M20BDTME,quant_drf_w2.onnx,../dnnModels/quant_drf_w2.onnx,1,4.626759052,276611,57281,15633,4639680
1.277,2.258,./fe2f8bef-d5cd-4a,R38M20BDTME,"{'R38M20BDTME': {'latency': 1.277, 'faster': 'onnx', 'slower': 'fallback', 'slower-latency': 2.258}}","{'input': [1, 1, 9, 9]}","{'output': [1, 1, 9, 9]}",,R38M20BDTME,quant_drf_w2.onnx,../dnnModels/quant_drf_w2.onnx,0,18.8165,95792770386,57281,15633,4639680
1.333,inf,./75256dc6-412a-43,RF8M21Y9MNR,"{'RF8M21Y9MNR': {'latency': 1.333, 'faster': 'onnx', 'slower': 'fallback', 'slower-latency': inf}}","{'input': [1, 1, 9, 9]}","{'output': [1, 1, 9, 9]}",,RF8M21Y9MNR,quant_drf_w2.onnx,../dnnModels/quant_drf_w2.onnx,1,4.3825531,5859375,57281,15633,4639680
1.278,2.305,./7aee754c-2987-4b,RF8M21Y9MNR,"{'RF8M21Y9MNR': {'latency': 1.278, 'faster': 'onnx', 'slower': 'fallback', 'slower-latency': 2.305}}","{'input': [1, 1, 9, 9]}","{'output': [1, 1, 9, 9]}",,RF8M21Y9MNR,quant_drf_w2.onnx,../dnnModels/quant_drf_w2.onnx,0,18.2265,23876190186,57281,15633,4639680
1.496,inf,./b62e0ef7-674a-49,R38M20BDTME,"{'R38M20BDTME': {'latency': 1.496, 'faster': 'onnx', 'slower': 'fallback', 'slower-latency': inf}}","{'input': [1, 1, 9, 9]}","{'output': [1, 1, 9, 9]}",,R38M20BDTME,quant_lsq_w2.onnx,../dnnModels/quant_lsq_w2.onnx,1,4.895817756,652832,21147,15633,1717686
1.373,2.311,./2071b71d-7482-4d,R38M20BDTME,"{'R38M20BDTME': {'latency': 1.373, 'faster': 'onnx', 'slower': 'fallback', 'slower-latency': 2.311}}","{'input': [1, 1, 9, 9]}","{'output': [1, 1, 9, 9]}",,R38M20BDTME,quant_lsq_w2.onnx,../dnnModels/quant_lsq_w2.onnx,0,16.4723,14834594727,57281,15633,4639680
1.529,inf,./69a6b921-4506-4e,RF8M21Y9MNR,"{'RF8M21Y9MNR': {'latency': 1.529, 'faster': 'onnx', 'slower': 'fallback', 'slower-latency': inf}}","{'input': [1, 1, 9, 9]}","{'output': [1, 1, 9, 9]}",,RF8M21Y9MNR,quant_lsq_w2.onnx,../dnnModels/quant_lsq_w2.onnx,1,5.07139635,860596,21147,15633,1717686
1.322,2.353,./1069a09e-76ab-40,RF8M21Y9MNR,"{'RF8M21Y9MNR': {'latency': 1.322, 'faster': 'onnx', 'slower': 'fallback', 'slower-latency': 2.353}}","{'input': [1, 1, 9, 9]}","{'output': [1, 1, 9, 9]}",,RF8M21Y9MNR,quant_lsq_w2.onnx,../dnnModels/quant_lsq_w2.onnx,0,15.9622,39503860474,57281,15633,4639680
1.366,inf,./1800a57b-7d6b-4a,R38M20BDTME,"{'R38M20BDTME': {'latency': 1.366, 'faster': 'onnx', 'slower': 'fallback', 'slower-latency': inf}}","{'input': [1, 1, 9, 9]}","{'output': [1, 1, 9, 9]}",,R38M20BDTME,prune_level_s5.onnx,../dnnModels/prune_level_s5.onnx,1,4.70921,8502044678,28628,15471,2322675
1.26,2.328,./fb964ee8-d9b0-49,R38M20BDTME,"{'R38M20BDTME': {'latency': 1.26, 'faster': 'onnx', 'slower': 'fallback', 'slower-latency': 2.328}}","{'input': [1, 1, 9, 9]}","{'output': [1, 1, 9, 9]}",,R38M20BDTME,prune_level_s5.onnx,../dnnModels/prune_level_s5.onnx,0,15.01,5.12623E+11,55655,15471,4507974
1.348,inf,./32936e84-3990-4a,RF8M21Y9MNR,"{'RF8M21Y9MNR': {'latency': 1.348, 'faster': 'onnx', 'slower': 'fallback', 'slower-latency': inf}}","{'input': [1, 1, 9, 9]}","{'output': [1, 1, 9, 9]}",,RF8M21Y9MNR,prune_level_s5.onnx,../dnnModels/prune_level_s5.onnx,1,4.85555,362701416,28628,15471,2322675
1.297,2.072,./a8a7602c-7ad3-4f,RF8M21Y9MNR,"{'RF8M21Y9MNR': {'latency': 1.297, 'faster': 'onnx', 'slower': 'fallback', 'slower-latency': 2.072}}","{'input': [1, 1, 9, 9]}","{'output': [1, 1, 9, 9]}",,RF8M21Y9MNR,prune_level_s5.onnx,../dnnModels/prune_level_s5.onnx,0,14,8.32203E+14,55655,15471,4507974
1.184,inf,./02a79901-6d21-4e,R38M20BDTME,"{'R38M20BDTME': {'latency': 1.184, 'faster': 'onnx', 'slower': 'fallback', 'slower-latency': inf}}","{'input': [1, 1, 9, 9]}","{'output': [1, 1, 9, 9]}",,R38M20BDTME,prune_fpgm_s7.onnx,../dnnModels/prune_fpgm_s7.onnx,1,4.5153481,96029663,6901,4941,558900
1.128,2.194,./1d5964da-7cea-43,R38M20BDTME,"{'R38M20BDTME': {'latency': 1.128, 'faster': 'onnx', 'slower': 'fallback', 'slower-latency': 2.194}}","{'input': [1, 1, 9, 9]}","{'output': [1, 1, 9, 9]}",,R38M20BDTME,prune_fpgm_s7.onnx,../dnnModels/prune_fpgm_s7.onnx,0,15.23,6.5567E+11,6901,4941,558900
1.174,inf,./137c75f0-c3ad-47,RF8M21Y9MNR,"{'RF8M21Y9MNR': {'latency': 1.174, 'faster': 'onnx', 'slower': 'fallback', 'slower-latency': inf}}","{'input': [1, 1, 9, 9]}","{'output': [1, 1, 9, 9]}",,RF8M21Y9MNR,prune_fpgm_s7.onnx,../dnnModels/prune_fpgm_s7.onnx,1,4.5031535,62545776,6901,4941,558900
1.169,2.301,./16736431-9625-44,RF8M21Y9MNR,"{'RF8M21Y9MNR': {'latency': 1.169, 'faster': 'onnx', 'slower': 'fallback', 'slower-latency': 2.301}}","{'input': [1, 1, 9, 9]}","{'output': [1, 1, 9, 9]}",,RF8M21Y9MNR,prune_fpgm_s7.onnx,../dnnModels/prune_fpgm_s7.onnx,0,14.96,9.83038E+11,6901,4941,558900
1.385,inf,./e6c7da35-215c-4e,R38M20BDTME,"{'R38M20BDTME': {'latency': 1.385, 'faster': 'onnx', 'slower': 'fallback', 'slower-latency': inf}}","{'input': [1, 1, 9, 9]}","{'output': [1, 1, 9, 9]}",,R38M20BDTME,prune_l1_s7.onnx,../dnnModels/prune_l1_s7.onnx,1,4.57349968,543,6901,4941,558900
1.167,2.361,./6df1c491-44f1-4c,R38M20BDTME,"{'R38M20BDTME': {'latency': 1.167, 'faster': 'onnx', 'slower': 'fallback', 'slower-latency': 2.361}}","{'input': [1, 1, 9, 9]}","{'output': [1, 1, 9, 9]}",,R38M20BDTME,prune_l1_s7.onnx,../dnnModels/prune_l1_s7.onnx,0,14.829099,655151367,6901,4941,558900
1.18,inf,./4b428426-8f3a-4f,RF8M21Y9MNR,"{'RF8M21Y9MNR': {'latency': 1.18, 'faster': 'onnx', 'slower': 'fallback', 'slower-latency': inf}}","{'input': [1, 1, 9, 9]}","{'output': [1, 1, 9, 9]}",,RF8M21Y9MNR,prune_l1_s7.onnx,../dnnModels/prune_l1_s7.onnx,1,4.509773731,895,6901,4941,558900
1.149,2.333,./36b8480d-d67d-4a,RF8M21Y9MNR,"{'RF8M21Y9MNR': {'latency': 1.149, 'faster': 'onnx', 'slower': 'fallback', 'slower-latency': 2.333}}","{'input': [1, 1, 9, 9]}","{'output': [1, 1, 9, 9]}",,RF8M21Y9MNR,prune_l1_s7.onnx,../dnnModels/prune_l1_s7.onnx,0,14.976269,721984863,6901,4941,558900
1.374,inf,./09e7b4be-a535-40,R38M20BDTME,"{'R38M20BDTME': {'latency': 1.374, 'faster': 'onnx', 'slower': 'fallback', 'slower-latency': inf}}","{'input': [1, 1, 9, 9]}","{'output': [1, 1, 9, 9]}",,R38M20BDTME,prune_fpgm_s1.onnx,../dnnModels/prune_fpgm_s1.onnx,1,4.6270575,523376465,47561,14175,3852360
1.303,2.102,./8116b42b-cd8e-4e,R38M20BDTME,"{'R38M20BDTME': {'latency': 1.303, 'faster': 'onnx', 'slower': 'fallback', 'slower-latency': 2.102}}","{'input': [1, 1, 9, 9]}","{'output': [1, 1, 9, 9]}",,R38M20BDTME,prune_fpgm_s1.onnx,../dnnModels/prune_fpgm_s1.onnx,0,14.34,2.79966E+12,47561,14175,3852360
1.33,inf,./690fb3db-239f-4a,RF8M21Y9MNR,"{'RF8M21Y9MNR': {'latency': 1.33, 'faster': 'onnx', 'slower': 'fallback', 'slower-latency': inf}}","{'input': [1, 1, 9, 9]}","{'output': [1, 1, 9, 9]}",,RF8M21Y9MNR,prune_fpgm_s1.onnx,../dnnModels/prune_fpgm_s1.onnx,1,4.464633703,2318115,47561,14175,3852360
1.369,2.391,./e7c6f9a2-809d-40,RF8M21Y9MNR,"{'RF8M21Y9MNR': {'latency': 1.369, 'faster': 'onnx', 'slower': 'fallback', 'slower-latency': 2.391}}","{'input': [1, 1, 9, 9]}","{'output': [1, 1, 9, 9]}",,RF8M21Y9MNR,prune_fpgm_s1.onnx,../dnnModels/prune_fpgm_s1.onnx,0,14.96,5.92736E+12,47561,14175,3852360
1.425,inf,./3b7a0442-653f-49,R38M20BDTME,"{'R38M20BDTME': {'latency': 1.425, 'faster': 'onnx', 'slower': 'fallback', 'slower-latency': inf}}","{'input': [1, 1, 9, 9]}","{'output': [1, 1, 9, 9]}",,R38M20BDTME,prune_l1_s3.onnx,../dnnModels/prune_l1_s3.onnx,1,4.510971546,3096,30164,11097,2443203
1.229,2.359,./093d8eb4-4fed-44,R38M20BDTME,"{'R38M20BDTME': {'latency': 1.229, 'faster': 'onnx', 'slower': 'fallback', 'slower-latency': 2.359}}","{'input': [1, 1, 9, 9]}","{'output': [1, 1, 9, 9]}",,R38M20BDTME,prune_l1_s3.onnx,../dnnModels/prune_l1_s3.onnx,0,14.666318,655014038,30164,11097,2443203
1.362,inf,./58aaaebf-1974-4d,RF8M21Y9MNR,"{'RF8M21Y9MNR': {'latency': 1.362, 'faster': 'onnx', 'slower': 'fallback', 'slower-latency': inf}}","{'input': [1, 1, 9, 9]}","{'output': [1, 1, 9, 9]}",,RF8M21Y9MNR,prune_l1_s3.onnx,../dnnModels/prune_l1_s3.onnx,1,4.536679983,9038,30164,11097,2443203
1.397,2.231,./10b327f9-7467-4c,RF8M21Y9MNR,"{'RF8M21Y9MNR': {'latency': 1.397, 'faster': 'onnx', 'slower': 'fallback', 'slower-latency': 2.231}}","{'input': [1, 1, 9, 9]}","{'output': [1, 1, 9, 9]}",,RF8M21Y9MNR,prune_l1_s3.onnx,../dnnModels/prune_l1_s3.onnx,0,14.982846,736907959,30164,11097,2443203
1.431,inf,./608cff14-d567-46,R38M20BDTME,"{'R38M20BDTME': {'latency': 1.431, 'faster': 'onnx', 'slower': 'fallback', 'slower-latency': inf}}","{'input': [1, 1, 9, 9]}","{'output': [1, 1, 9, 9]}",,R38M20BDTME,prune_level_s3.onnx,../dnnModels/prune_level_s3.onnx,1,4.78313,6367797852,40096,15633,3250125
1.289,2.492,./37d21357-0dea-49,R38M20BDTME,"{'R38M20BDTME': {'latency': 1.289, 'faster': 'onnx', 'slower': 'fallback', 'slower-latency': 2.492}}","{'input': [1, 1, 9, 9]}","{'output': [1, 1, 9, 9]}",,R38M20BDTME,prune_level_s3.onnx,../dnnModels/prune_level_s3.onnx,0,15,8.43995E+13,57281,15633,4639680
1.375,inf,./28044db7-2547-4e,RF8M21Y9MNR,"{'RF8M21Y9MNR': {'latency': 1.375, 'faster': 'onnx', 'slower': 'fallback', 'slower-latency': inf}}","{'input': [1, 1, 9, 9]}","{'output': [1, 1, 9, 9]}",,RF8M21Y9MNR,prune_level_s3.onnx,../dnnModels/prune_level_s3.onnx,1,4.82061,3622665405,40096,15633,3250125
1.276,2.123,./ab249453-4a20-4c,RF8M21Y9MNR,"{'RF8M21Y9MNR': {'latency': 1.276, 'faster': 'onnx', 'slower': 'fallback', 'slower-latency': 2.123}}","{'input': [1, 1, 9, 9]}","{'output': [1, 1, 9, 9]}",,RF8M21Y9MNR,prune_level_s3.onnx,../dnnModels/prune_level_s3.onnx,0,14,7.07266E+14,57281,15633,4639680
1.277,inf,./f239387f-2240-42,R38M20BDTME,"{'R38M20BDTME': {'latency': 1.277, 'faster': 'onnx', 'slower': 'fallback', 'slower-latency': inf}}","{'input': [1, 1, 9, 9]}","{'output': [1, 1, 9, 9]}",,R38M20BDTME,prune_fpgm_s3.onnx,../dnnModels/prune_fpgm_s3.onnx,1,4.4342858,79135132,30164,11097,2443203
1.219,1.859,./a5bc7b06-2496-44,R38M20BDTME,"{'R38M20BDTME': {'latency': 1.219, 'faster': 'onnx', 'slower': 'fallback', 'slower-latency': 1.859}}","{'input': [1, 1, 9, 9]}","{'output': [1, 1, 9, 9]}",,R38M20BDTME,prune_fpgm_s3.onnx,../dnnModels/prune_fpgm_s3.onnx,0,15.31,4.33821E+12,30164,11097,2443203
1.271,inf,./fd450e3b-232e-47,RF8M21Y9MNR,"{'RF8M21Y9MNR': {'latency': 1.271, 'faster': 'onnx', 'slower': 'fallback', 'slower-latency': inf}}","{'input': [1, 1, 9, 9]}","{'output': [1, 1, 9, 9]}",,RF8M21Y9MNR,prune_fpgm_s3.onnx,../dnnModels/prune_fpgm_s3.onnx,1,4.4924716,94946289,30164,11097,2443203
1.391,2.296,./d8b6c8a5-3786-4e,RF8M21Y9MNR,"{'RF8M21Y9MNR': {'latency': 1.391, 'faster': 'onnx', 'slower': 'fallback', 'slower-latency': 2.296}}","{'input': [1, 1, 9, 9]}","{'output': [1, 1, 9, 9]}",,RF8M21Y9MNR,prune_fpgm_s3.onnx,../dnnModels/prune_fpgm_s3.onnx,0,14.16,3.03396E+12,30164,11097,2443203
1.443,inf,./58b601f1-0802-4d,R38M20BDTME,"{'R38M20BDTME': {'latency': 1.443, 'faster': 'onnx', 'slower': 'fallback', 'slower-latency': inf}}","{'input': [1, 1, 9, 9]}","{'output': [1, 1, 9, 9]}",,R38M20BDTME,prune_level_s1.onnx,../dnnModels/prune_level_s1.onnx,1,4.5695,923156738,51552,15633,4176522
1.253,2.291,./75d51290-48b3-46,R38M20BDTME,"{'R38M20BDTME': {'latency': 1.253, 'faster': 'onnx', 'slower': 'fallback', 'slower-latency': 2.291}}","{'input': [1, 1, 9, 9]}","{'output': [1, 1, 9, 9]}",,R38M20BDTME,prune_level_s1.onnx,../dnnModels/prune_level_s1.onnx,0,14,4.98975E+14,57281,15633,4639680
1.41,inf,./1ff1fa90-d893-43,RF8M21Y9MNR,"{'RF8M21Y9MNR': {'latency': 1.41, 'faster': 'onnx', 'slower': 'fallback', 'slower-latency': inf}}","{'input': [1, 1, 9, 9]}","{'output': [1, 1, 9, 9]}",,RF8M21Y9MNR,prune_level_s1.onnx,../dnnModels/prune_level_s1.onnx,1,4.6699659,82437134,51552,15633,4176522
1.347,1.982,./2b1bfe57-14f3-40,RF8M21Y9MNR,"{'RF8M21Y9MNR': {'latency': 1.347, 'faster': 'onnx', 'slower': 'fallback', 'slower-latency': 1.982}}","{'input': [1, 1, 9, 9]}","{'output': [1, 1, 9, 9]}",,RF8M21Y9MNR,prune_level_s1.onnx,../dnnModels/prune_level_s1.onnx,0,14,7.25123E+14,57281,15633,4639680
1.366,inf,./df37d36c-da73-43,R38M20BDTME,"{'R38M20BDTME': {'latency': 1.366, 'faster': 'onnx', 'slower': 'fallback', 'slower-latency': inf}}","{'input': [1, 1, 9, 9]}","{'output': [1, 1, 9, 9]}",,R38M20BDTME,prune_level_s7.onnx,../dnnModels/prune_level_s7.onnx,1,4.79459,3811035156,17181,15471,1397088
1.367,2.304,./be55b6e3-0470-48,R38M20BDTME,"{'R38M20BDTME': {'latency': 1.367, 'faster': 'onnx', 'slower': 'fallback', 'slower-latency': 2.304}}","{'input': [1, 1, 9, 9]}","{'output': [1, 1, 9, 9]}",,R38M20BDTME,prune_level_s7.onnx,../dnnModels/prune_level_s7.onnx,0,15,7.22132E+13,55655,15471,4507974
1.42,inf,./84982ff6-32d8-44,RF8M21Y9MNR,"{'RF8M21Y9MNR': {'latency': 1.42, 'faster': 'onnx', 'slower': 'fallback', 'slower-latency': inf}}","{'input': [1, 1, 9, 9]}","{'output': [1, 1, 9, 9]}",,RF8M21Y9MNR,prune_level_s7.onnx,../dnnModels/prune_level_s7.onnx,1,4.7614786,62490845,17181,15471,1397088
1.397,2.453,./83329f43-fbbb-4a,RF8M21Y9MNR,"{'RF8M21Y9MNR': {'latency': 1.397, 'faster': 'onnx', 'slower': 'fallback', 'slower-latency': 2.453}}","{'input': [1, 1, 9, 9]}","{'output': [1, 1, 9, 9]}",,RF8M21Y9MNR,prune_level_s7.onnx,../dnnModels/prune_level_s7.onnx,0,14,2.1826E+14,55655,15471,4507974
1.415,inf,./9e34c035-c719-46,R38M20BDTME,"{'R38M20BDTME': {'latency': 1.415, 'faster': 'onnx', 'slower': 'fallback', 'slower-latency': inf}}","{'input': [1, 1, 9, 9]}","{'output': [1, 1, 9, 9]}",,R38M20BDTME,prune_level_s9.onnx,../dnnModels/prune_level_s9.onnx,1,4.74618,2680130005,4589,12555,377298
1.365,2.344,./7eaaa147-e251-4f,R38M20BDTME,"{'R38M20BDTME': {'latency': 1.365, 'faster': 'onnx', 'slower': 'fallback', 'slower-latency': 2.344}}","{'input': [1, 1, 9, 9]}","{'output': [1, 1, 9, 9]}",,R38M20BDTME,prune_level_s9.onnx,../dnnModels/prune_level_s9.onnx,0,15,2.49829E+14,28725,12555,2326644
1.35,inf,./94ccf073-402b-4b,RF8M21Y9MNR,"{'RF8M21Y9MNR': {'latency': 1.35, 'faster': 'onnx', 'slower': 'fallback', 'slower-latency': inf}}","{'input': [1, 1, 9, 9]}","{'output': [1, 1, 9, 9]}",,RF8M21Y9MNR,prune_level_s9.onnx,../dnnModels/prune_level_s9.onnx,1,4.7676699,16152954,4589,12555,377298
1.222,2.268,./e0ff07b3-5765-40,RF8M21Y9MNR,"{'RF8M21Y9MNR': {'latency': 1.222, 'faster': 'onnx', 'slower': 'fallback', 'slower-latency': 2.268}}","{'input': [1, 1, 9, 9]}","{'output': [1, 1, 9, 9]}",,RF8M21Y9MNR,prune_level_s9.onnx,../dnnModels/prune_level_s9.onnx,0,14,9.74155E+13,28725,12555,2326644
1.355,inf,./c8a065aa-ffaa-4a,R38M20BDTME,"{'R38M20BDTME': {'latency': 1.355, 'faster': 'onnx', 'slower': 'fallback', 'slower-latency': inf}}","{'input': [1, 1, 9, 9]}","{'output': [1, 1, 9, 9]}",,R38M20BDTME,prune_l1_s9.onnx,../dnnModels/prune_l1_s9.onnx,1,4.540308714,2964,1379,1863,111618
1.143,2.433,./3d881459-0ade-4f,R38M20BDTME,"{'R38M20BDTME': {'latency': 1.143, 'faster': 'onnx', 'slower': 'fallback', 'slower-latency': 2.433}}","{'input': [1, 1, 9, 9]}","{'output': [1, 1, 9, 9]}",,R38M20BDTME,prune_l1_s9.onnx,../dnnModels/prune_l1_s9.onnx,0,14.81919,740585327,1379,1863,111618
1.089,inf,./315b0aa8-e494-48,RF8M21Y9MNR,"{'RF8M21Y9MNR': {'latency': 1.089, 'faster': 'onnx', 'slower': 'fallback', 'slower-latency': inf}}","{'input': [1, 1, 9, 9]}","{'output': [1, 1, 9, 9]}",,RF8M21Y9MNR,prune_l1_s9.onnx,../dnnModels/prune_l1_s9.onnx,1,4.415999651,52,1379,1863,111618
1.361,2.402,./742c90e5-cff5-41,RF8M21Y9MNR,"{'RF8M21Y9MNR': {'latency': 1.361, 'faster': 'onnx', 'slower': 'fallback', 'slower-latency': 2.402}}","{'input': [1, 1, 9, 9]}","{'output': [1, 1, 9, 9]}",,RF8M21Y9MNR,prune_l1_s9.onnx,../dnnModels/prune_l1_s9.onnx,0,14.81922,781326294,1379,1863,111618
1.351,inf,./2449c0c2-5652-41,R38M20BDTME,"{'R38M20BDTME': {'latency': 1.351, 'faster': 'onnx', 'slower': 'fallback', 'slower-latency': inf}}","{'input': [1, 1, 9, 9]}","{'output': [1, 1, 9, 9]}",,R38M20BDTME,prune_fpgm_s5.onnx,../dnnModels/prune_fpgm_s5.onnx,1,4.6246504,78363037,15841,7857,1283040
1.362,2.325,./bc948d75-458c-40,R38M20BDTME,"{'R38M20BDTME': {'latency': 1.362, 'faster': 'onnx', 'slower': 'fallback', 'slower-latency': 2.325}}","{'input': [1, 1, 9, 9]}","{'output': [1, 1, 9, 9]}",,R38M20BDTME,prune_fpgm_s5.onnx,../dnnModels/prune_fpgm_s5.onnx,0,14.29,7.85728E+12,15841,7857,1283040
1.227,inf,./059e31b2-e495-45,RF8M21Y9MNR,"{'RF8M21Y9MNR': {'latency': 1.227, 'faster': 'onnx', 'slower': 'fallback', 'slower-latency': inf}}","{'input': [1, 1, 9, 9]}","{'output': [1, 1, 9, 9]}",,RF8M21Y9MNR,prune_fpgm_s5.onnx,../dnnModels/prune_fpgm_s5.onnx,1,4.5922381,87789917,15841,7857,1283040
1.36,2.235,./6cef08a1-1314-42,RF8M21Y9MNR,"{'RF8M21Y9MNR': {'latency': 1.36, 'faster': 'onnx', 'slower': 'fallback', 'slower-latency': 2.235}}","{'input': [1, 1, 9, 9]}","{'output': [1, 1, 9, 9]}",,RF8M21Y9MNR,prune_fpgm_s5.onnx,../dnnModels/prune_fpgm_s5.onnx,0,14.349,85092544556,15841,7857,1283040
1.376,inf,./dd8a5241-4fda-4d,R38M20BDTME,"{'R38M20BDTME': {'latency': 1.376, 'faster': 'onnx', 'slower': 'fallback', 'slower-latency': inf}}","{'input': [1, 1, 9, 9]}","{'output': [1, 1, 9, 9]}",,R38M20BDTME,quant_bnn_w2.onnx,../dnnModels/quant_bnn_w2.onnx,1,4.566866636,276245,57281,15633,4639680
1.255,2.313,./18106da1-b3c3-4f,R38M20BDTME,"{'R38M20BDTME': {'latency': 1.255, 'faster': 'onnx', 'slower': 'fallback', 'slower-latency': 2.313}}","{'input': [1, 1, 9, 9]}","{'output': [1, 1, 9, 9]}",,R38M20BDTME,quant_bnn_w2.onnx,../dnnModels/quant_bnn_w2.onnx,0,14.9851,32694244385,57281,15633,4639680
1.396,inf,./f44c931c-bd14-42,RF8M21Y9MNR,"{'RF8M21Y9MNR': {'latency': 1.396, 'faster': 'onnx', 'slower': 'fallback', 'slower-latency': inf}}","{'input': [1, 1, 9, 9]}","{'output': [1, 1, 9, 9]}",,RF8M21Y9MNR,quant_bnn_w2.onnx,../dnnModels/quant_bnn_w2.onnx,1,4.6546669,634766,57281,15633,4639680
1.36,2.281,./1af65562-6591-4e,RF8M21Y9MNR,"{'RF8M21Y9MNR': {'latency': 1.36, 'faster': 'onnx', 'slower': 'fallback', 'slower-latency': 2.281}}","{'input': [1, 1, 9, 9]}","{'output': [1, 1, 9, 9]}",,RF8M21Y9MNR,quant_bnn_w2.onnx,../dnnModels/quant_bnn_w2.onnx,0,15.101017,475128174,57281,15633,4639680
1.359,inf,./6a8338ed-00fd-4f,R38M20BDTME,"{'R38M20BDTME': {'latency': 1.359, 'faster': 'onnx', 'slower': 'fallback', 'slower-latency': inf}}","{'input': [1, 1, 9, 9]}","{'output': [1, 1, 9, 9]}",,R38M20BDTME,pretrained.onnx,../dnnModels/pretrained.onnx,1,4.53683567,91,57281,15633,4639680
1.3,2.203,./a47a1802-12f4-48,R38M20BDTME,"{'R38M20BDTME': {'latency': 1.3, 'faster': 'onnx', 'slower': 'fallback', 'slower-latency': 2.203}}","{'input': [1, 1, 9, 9]}","{'output': [1, 1, 9, 9]}",,R38M20BDTME,pretrained.onnx,../dnnModels/pretrained.onnx,0,14.85825086,536,57281,15633,4639680
1.358,inf,./d9cee512-d456-47,RF8M21Y9MNR,"{'RF8M21Y9MNR': {'latency': 1.358, 'faster': 'onnx', 'slower': 'fallback', 'slower-latency': inf}}","{'input': [1, 1, 9, 9]}","{'output': [1, 1, 9, 9]}",,RF8M21Y9MNR,pretrained.onnx,../dnnModels/pretrained.onnx,1,4.662595749,67,57281,15633,4639680
1.248,2.306,./2279e98b-8b34-4c,RF8M21Y9MNR,"{'RF8M21Y9MNR': {'latency': 1.248, 'faster': 'onnx', 'slower': 'fallback', 'slower-latency': 2.306}}","{'input': [1, 1, 9, 9]}","{'output': [1, 1, 9, 9]}",,RF8M21Y9MNR,pretrained.onnx,../dnnModels/pretrained.onnx,0,15.41690135,21362,57281,15633,4639680
1.377,inf,./88799470-4d1e-4e,R38M20BDTME,"{'R38M20BDTME': {'latency': 1.377, 'faster': 'onnx', 'slower': 'fallback', 'slower-latency': inf}}","{'input': [1, 1, 9, 9]}","{'output': [1, 1, 9, 9]}",,R38M20BDTME,prune_fpgm_s9.onnx,../dnnModels/prune_fpgm_s9.onnx,1,4.5180654,52575684,1379,1863,111618
1.113,2.323,./2442b9de-56ae-40,R38M20BDTME,"{'R38M20BDTME': {'latency': 1.113, 'faster': 'onnx', 'slower': 'fallback', 'slower-latency': 2.323}}","{'input': [1, 1, 9, 9]}","{'output': [1, 1, 9, 9]}",,R38M20BDTME,prune_fpgm_s9.onnx,../dnnModels/prune_fpgm_s9.onnx,0,14.82,7.84605E+12,1379,1863,111618
1.094,inf,./9aa78321-551f-4f,RF8M21Y9MNR,"{'RF8M21Y9MNR': {'latency': 1.094, 'faster': 'onnx', 'slower': 'fallback', 'slower-latency': inf}}","{'input': [1, 1, 9, 9]}","{'output': [1, 1, 9, 9]}",,RF8M21Y9MNR,prune_fpgm_s9.onnx,../dnnModels/prune_fpgm_s9.onnx,1,4.6318323,612213135,1379,1863,111618
1.371,2.406,./0d1fdd12-ed1f-46,RF8M21Y9MNR,"{'RF8M21Y9MNR': {'latency': 1.371, 'faster': 'onnx', 'slower': 'fallback', 'slower-latency': 2.406}}","{'input': [1, 1, 9, 9]}","{'output': [1, 1, 9, 9]}",,RF8M21Y9MNR,prune_fpgm_s9.onnx,../dnnModels/prune_fpgm_s9.onnx,0,15.1,3.96814E+12,1379,1863,111618
1.421,inf,./27de1f41-b027-40,R38M20BDTME,"{'R38M20BDTME': {'latency': 1.421, 'faster': 'onnx', 'slower': 'fallback', 'slower-latency': inf}}","{'input': [1, 1, 9, 9]}","{'output': [1, 1, 9, 9]}",,R38M20BDTME,quant_bnn_w8.onnx,../dnnModels/quant_bnn_w8.onnx,1,4.526056766,51001,57281,15633,4639680
1.361,2.275,./09c64639-9fc7-43,R38M20BDTME,"{'R38M20BDTME': {'latency': 1.361, 'faster': 'onnx', 'slower': 'fallback', 'slower-latency': 2.275}}","{'input': [1, 1, 9, 9]}","{'output': [1, 1, 9, 9]}",,R38M20BDTME,quant_bnn_w8.onnx,../dnnModels/quant_bnn_w8.onnx,0,15.2215,8432006836,57281,15633,4639680
1.308,inf,./e5c273d5-cc98-48,RF8M21Y9MNR,"{'RF8M21Y9MNR': {'latency': 1.308, 'faster': 'onnx', 'slower': 'fallback', 'slower-latency': inf}}","{'input': [1, 1, 9, 9]}","{'output': [1, 1, 9, 9]}",,RF8M21Y9MNR,quant_bnn_w8.onnx,../dnnModels/quant_bnn_w8.onnx,1,4.621752023,696899,57281,15633,4639680
1.364,2.326,./867090aa-b88a-4e,RF8M21Y9MNR,"{'RF8M21Y9MNR': {'latency': 1.364, 'faster': 'onnx', 'slower': 'fallback', 'slower-latency': 2.326}}","{'input': [1, 1, 9, 9]}","{'output': [1, 1, 9, 9]}",,RF8M21Y9MNR,quant_bnn_w8.onnx,../dnnModels/quant_bnn_w8.onnx,0,14.8286,81468963623,57281,15633,4639680
1.384,inf,./76a9e772-43d6-47,R38M20BDTME,"{'R38M20BDTME': {'latency': 1.384, 'faster': 'onnx', 'slower': 'fallback', 'slower-latency': inf}}","{'input': [1, 1, 9, 9]}","{'output': [1, 1, 9, 9]}",,R38M20BDTME,quant_drf_w8.onnx,../dnnModels/quant_drf_w8.onnx,1,4.64335227,126343,57281,15633,4639680
1.271,2.207,./555c448a-1b6b-4b,R38M20BDTME,"{'R38M20BDTME': {'latency': 1.271, 'faster': 'onnx', 'slower': 'fallback', 'slower-latency': 2.207}}","{'input': [1, 1, 9, 9]}","{'output': [1, 1, 9, 9]}",,R38M20BDTME,quant_drf_w8.onnx,../dnnModels/quant_drf_w8.onnx,0,15.1137,19463348389,57281,15633,4639680
1.347,inf,./b3d9194a-31ba-42,RF8M21Y9MNR,"{'RF8M21Y9MNR': {'latency': 1.347, 'faster': 'onnx', 'slower': 'fallback', 'slower-latency': inf}}","{'input': [1, 1, 9, 9]}","{'output': [1, 1, 9, 9]}",,RF8M21Y9MNR,quant_drf_w8.onnx,../dnnModels/quant_drf_w8.onnx,1,4.566926002,502441,57281,15633,4639680
1.268,2.405,./36d9089e-5746-4b,RF8M21Y9MNR,"{'RF8M21Y9MNR': {'latency': 1.268, 'faster': 'onnx', 'slower': 'fallback', 'slower-latency': 2.405}}","{'input': [1, 1, 9, 9]}","{'output': [1, 1, 9, 9]}",,RF8M21Y9MNR,quant_drf_w8.onnx,../dnnModels/quant_drf_w8.onnx,0,15.3834,52892303467,57281,15633,4639680
1.386,inf,./f709d0fb-a648-43,R38M20BDTME,"{'R38M20BDTME': {'latency': 1.386, 'faster': 'onnx', 'slower': 'fallback', 'slower-latency': inf}}","{'input': [1, 1, 9, 9]}","{'output': [1, 1, 9, 9]}",,R38M20BDTME,prune_l1_s5.onnx,../dnnModels/prune_l1_s5.onnx,1,4.612478495,4165,15841,7857,1283040
1.022,2.356,./c3d9a874-0579-4e,R38M20BDTME,"{'R38M20BDTME': {'latency': 1.022, 'faster': 'onnx', 'slower': 'fallback', 'slower-latency': 2.356}}","{'input': [1, 1, 9, 9]}","{'output': [1, 1, 9, 9]}",,R38M20BDTME,prune_l1_s5.onnx,../dnnModels/prune_l1_s5.onnx,0,14.410488,605499268,15841,7857,1283040
1.396,inf,./3056b54c-1c24-4e,RF8M21Y9MNR,"{'RF8M21Y9MNR': {'latency': 1.396, 'faster': 'onnx', 'slower': 'fallback', 'slower-latency': inf}}","{'input': [1, 1, 9, 9]}","{'output': [1, 1, 9, 9]}",,RF8M21Y9MNR,prune_l1_s5.onnx,../dnnModels/prune_l1_s5.onnx,1,4.647958994,1743,15841,7857,1283040
1.434,2.401,./ff25c1fa-9691-49,RF8M21Y9MNR,"{'RF8M21Y9MNR': {'latency': 1.434, 'faster': 'onnx', 'slower': 'fallback', 'slower-latency': 2.401}}","{'input': [1, 1, 9, 9]}","{'output': [1, 1, 9, 9]}",,RF8M21Y9MNR,prune_l1_s5.onnx,../dnnModels/prune_l1_s5.onnx,0,14.814309,358596802,15841,7857,1283040
1.347,inf,./ceceafe4-76cd-40,R38M20BDTME,"{'R38M20BDTME': {'latency': 1.347, 'faster': 'onnx', 'slower': 'fallback', 'slower-latency': inf}}","{'input': [1, 1, 9, 9]}","{'output': [1, 1, 9, 9]}",,R38M20BDTME,prune_l1_s1.onnx,../dnnModels/prune_l1_s1.onnx,1,4.553694725,6621,47561,14175,3852360
1.279,2.244,./a9f41781-336b-40,R38M20BDTME,"{'R38M20BDTME': {'latency': 1.279, 'faster': 'onnx', 'slower': 'fallback', 'slower-latency': 2.244}}","{'input': [1, 1, 9, 9]}","{'output': [1, 1, 9, 9]}",,R38M20BDTME,prune_l1_s1.onnx,../dnnModels/prune_l1_s1.onnx,0,14.562616,109848022,47561,14175,3852360
1.357,inf,./ade83ee0-34b4-40,RF8M21Y9MNR,"{'RF8M21Y9MNR': {'latency': 1.357, 'faster': 'onnx', 'slower': 'fallback', 'slower-latency': inf}}","{'input': [1, 1, 9, 9]}","{'output': [1, 1, 9, 9]}",,RF8M21Y9MNR,prune_l1_s1.onnx,../dnnModels/prune_l1_s1.onnx,1,4.551255703,2412,47561,14175,3852360
1.282,2.233,./ce4cb37f-2ab4-4b,RF8M21Y9MNR,"{'RF8M21Y9MNR': {'latency': 1.282, 'faster': 'onnx', 'slower': 'fallback', 'slower-latency': 2.233}}","{'input': [1, 1, 9, 9]}","{'output': [1, 1, 9, 9]}",,RF8M21Y9MNR,prune_l1_s1.onnx,../dnnModels/prune_l1_s1.onnx,0,14.533766,746520996,47561,14175,3852360
1.352,inf,./a1b1f142-f143-40,R38M20BDTME,"{'R38M20BDTME': {'latency': 1.352, 'faster': 'onnx', 'slower': 'fallback', 'slower-latency': inf}}","{'input': [1, 1, 9, 9]}","{'output': [1, 1, 9, 9]}",,R38M20BDTME,quant_lsq_w8.onnx,../dnnModels/quant_lsq_w8.onnx,1,4.655064582,824707,53147,15633,4305393
1.446,2.4,./2517666e-b649-4f,R38M20BDTME,"{'R38M20BDTME': {'latency': 1.446, 'faster': 'onnx', 'slower': 'fallback', 'slower-latency': 2.4}}","{'input': [1, 1, 9, 9]}","{'output': [1, 1, 9, 9]}",,R38M20BDTME,quant_lsq_w8.onnx,../dnnModels/quant_lsq_w8.onnx,0,16.18428349,494934,57281,15633,4639680
1.367,inf,./9aca11a9-fb0f-42,RF8M21Y9MNR,"{'RF8M21Y9MNR': {'latency': 1.367, 'faster': 'onnx', 'slower': 'fallback', 'slower-latency': inf}}","{'input': [1, 1, 9, 9]}","{'output': [1, 1, 9, 9]}",,RF8M21Y9MNR,quant_lsq_w8.onnx,../dnnModels/quant_lsq_w8.onnx,1,4.910434961,31897,53147,15633,4305393
1.424,2.3,./66f32a94-4a86-47,RF8M21Y9MNR,"{'RF8M21Y9MNR': {'latency': 1.424, 'faster': 'onnx', 'slower': 'fallback', 'slower-latency': 2.3}}","{'input': [1, 1, 9, 9]}","{'output': [1, 1, 9, 9]}",,RF8M21Y9MNR,quant_lsq_w8.onnx,../dnnModels/quant_lsq_w8.onnx,0,16.82311224,937439,57281,15633,4639680
